{
  "time_col": "time",
  "ratios": [
    0.6,
    0.2,
    0.2
  ],
  "n_total": 519256,
  "n_train": 311553,
  "n_val": 103851,
  "n_test": 103852,
  "time_min": 86400,
  "time_max": 13631719,
  "time_train_end": 7758496,
  "time_val_end": 10502502,
  "fraud_rate_total": 0.03485949127212781,
  "fraud_rate_train": 0.03381126164729597,
  "fraud_rate_val": 0.03967222270368124,
  "fraud_rate_test": 0.03319146477679775
}