model_key,model,val_logloss,val_pr_auc,val_roc_auc,test_logloss,test_pr_auc,test_roc_auc
fusion_external,"Fusion (external honest, trained on external VAL, tested on external TEST)",0.09532113890859231,0.5898626192784705,0.9108202472417795,0.08934770363265651,0.5183847274607867,0.9046329019631791
fusion_internal,"Fusion (internal, for ablation only)",0.04197266528702625,0.9033307355907206,0.9834537104395537,0.03810537199335668,0.9013582256412069,0.9839146057606349
tabular,Tabular (LightGBM),0.0980339780369522,0.5874607036028411,0.9105015404058275,0.09052224000044962,0.5206583268422204,0.9060341951042576
gnn_internal,GNN (internal split inside train graph),0.2550798351147518,0.3833476487124522,0.8045209235977239,0.27812672092900337,0.26219230425956436,0.7424128862727358
gnn_external,"GNN (external inductive, future split)",0.2527563164154631,0.22083458101452685,0.7513907849007032,0.24450487538675508,0.18974143774745533,0.7075810880063969
