model_key,model,val_logloss,val_pr_auc,val_roc_auc,test_logloss,test_pr_auc,test_roc_auc
fusion_external,"Fusion (external honest, trained on external VAL, tested on external TEST)",0.09532470934378968,0.5898442243548796,0.9108135471797778,0.08930837172553327,0.5183829842268957,0.9050837493703157
fusion_internal,"Fusion (internal, for ablation only)",0.062345339403856434,0.8402525543627918,0.9687556142752833,0.0619820281188329,0.8150226703974226,0.9643889913587294
tabular,Tabular (LightGBM),0.0980339780369522,0.5874607036028411,0.9105015404058275,0.09052224000044962,0.5206583268422204,0.9060341951042576
gnn_internal,GNN (internal split inside train graph),0.2550798351147518,0.3833476487124522,0.8045209235977239,0.27812672092900337,0.26219230425956436,0.7424128862727358
gnn_external,"GNN (external inductive, future split)",0.2524984214398328,0.21928967099519395,0.7512149575562147,0.2439320826330945,0.19126767936108754,0.7078255216070303
